,AAPL,MSFT,NVDA
AAPL,1.0,-0.0019103775166665576,0.0018601432874421693
MSFT,-0.0019103775166665576,1.0,0.00012025417051444567
NVDA,0.0018601432874421693,0.00012025417051444567,1.0
