,AAPL,MSFT,NVDA,BTCUSD,ETHUSD,EURUSD,GBPUSD
AAPL,1.0,-0.0019103775166665576,0.0018601432874421693,-0.0009775951274713598,0.0014030767482271984,0.0007012547007068887,-0.00031636746681399107
MSFT,-0.0019103775166665576,1.0,0.00012025417051444567,-0.0008853949671672041,-0.0008427634050926685,0.0006487941231863314,0.002039240631408782
NVDA,0.0018601432874421693,0.00012025417051444567,1.0,0.00031712501502073457,0.0009911912466912685,0.00012202394130935907,-0.00228084264994817
BTCUSD,-0.0009775951274713598,-0.0008853949671672041,0.00031712501502073457,1.0,0.0022260482047822892,-0.0006799426229108257,0.0003276037693562874
ETHUSD,0.0014030767482271984,-0.0008427634050926685,0.0009911912466912685,0.0022260482047822892,1.0,-0.0022455254618658532,0.0013643999914102322
EURUSD,0.0007012547007068887,0.0006487941231863314,0.00012202394130935907,-0.0006799426229108257,-0.0022455254618658532,1.0,-0.0006592349104712379
GBPUSD,-0.00031636746681399107,0.002039240631408782,-0.00228084264994817,0.0003276037693562874,0.0013643999914102322,-0.0006592349104712379,1.0
