,AAPL,MSFT,NVDA,BTCUSD,ETHUSD,EURUSD,GBPUSD
AAPL,1.0,-0.0024238068709740994,-0.0014990616050588258,-0.0012180599215627786,0.0027020839769020324,-0.0004003676943469072,-0.0015623275854681898
MSFT,-0.0024238068709740994,1.0,0.003593572797609416,-0.002963562274905242,-0.0012840514701931529,3.2753422650448687e-06,0.0002899206126327139
NVDA,-0.0014990616050588258,0.003593572797609416,1.0,-0.0014910430523725397,0.003763390563583646,0.0013542774891048184,0.0020537638396904857
BTCUSD,-0.0012180599215627786,-0.002963562274905242,-0.0014910430523725397,1.0,0.0023122363400899697,0.0020737144543014475,0.0006190141681976831
ETHUSD,0.0027020839769020324,-0.0012840514701931529,0.003763390563583646,0.0023122363400899697,1.0,0.0015690756624884164,-0.0010495277254321794
EURUSD,-0.0004003676943469072,3.2753422650448687e-06,0.0013542774891048184,0.0020737144543014475,0.0015690756624884164,1.0,0.0015617405048098444
GBPUSD,-0.0015623275854681898,0.0002899206126327139,0.0020537638396904857,0.0006190141681976831,-0.0010495277254321794,0.0015617405048098444,1.0
