,AAPL,MSFT,NVDA
AAPL,1.0,-0.0024238068709740994,-0.0014990616050588258
MSFT,-0.0024238068709740994,1.0,0.003593572797609416
NVDA,-0.0014990616050588258,0.003593572797609416,1.0
