,AAPL,MSFT,NVDA
AAPL,1.0,-0.0024245209122567765,-0.00010736410807159006
MSFT,-0.0024245209122567765,1.0,0.0006568879700114595
NVDA,-0.00010736410807159006,0.0006568879700114595,1.0
