,AAPL,MSFT,NVDA,BTCUSD,ETHUSD,EURUSD,GBPUSD
AAPL,1.0,-0.0024245209122567765,-0.00010736410807159006,-0.002511025060356862,0.0038467677357661182,0.0005742301105667787,0.0010322507280405538
MSFT,-0.0024245209122567765,1.0,0.0006568879700114595,-0.0025767207600684377,-0.0020320395276493177,-0.002408867738102589,0.0015097139496186647
NVDA,-0.00010736410807159006,0.0006568879700114595,1.0,0.00010978728498502364,0.0013412223743318444,0.001050762013925491,-0.0022911437097521974
BTCUSD,-0.002511025060356862,-0.0025767207600684377,0.00010978728498502364,1.0,0.0024035993340946822,-0.0017761794047417118,0.0009358663434705642
ETHUSD,0.0038467677357661182,-0.0020320395276493177,0.0013412223743318444,0.0024035993340946822,1.0,-0.0018246900783878705,0.0010319174088815261
EURUSD,0.0005742301105667787,-0.002408867738102589,0.001050762013925491,-0.0017761794047417118,-0.0018246900783878705,1.0,-0.0013554754980581308
GBPUSD,0.0010322507280405538,0.0015097139496186647,-0.0022911437097521974,0.0009358663434705642,0.0010319174088815261,-0.0013554754980581308,1.0
