strategy,total_return,annualized_return,volatility,sharpe_ratio,sortino_ratio,max_drawdown,total_trades,win_rate,final_value
Buy & Hold,400121078449.9122,0.026026234281734784,1.5656987669250078,0.016622759646703716,0.027851241616387797,-0.46683898764389803,1,0.5086233546166147,400121078450.9122
Momentum (390),-0.9285302519678519,-0.0025343553326698798,1.5672934890799777,-0.0016170266451866525,-0.0026920416831560153,-0.9841848487436389,5510,0.4985859911991787,0.0714697480321481
Momentum (1950),246602.26584286205,0.012012278411789978,1.5608979863669257,0.007695748547763333,0.012775500987566349,-0.8297923795238731,1681,0.5010552589296278,246603.26584286205
Mean Reversion (BB 2.0σ),-0.9999803236061798,-0.010367546960144969,0.6322039630173892,-0.016399054049997787,-0.010992802092374899,-0.9999814088295397,9172,0.07929517099774445,1.9676393820127424e-05
MA Crossover (195/780),1734.2332362124293,0.007199423529442361,1.563827485212509,0.004603719782085829,0.007669268459156765,-0.7924276023865275,386,0.5012575327931731,1735.2332362124293
